,,,,景況感・前年比,,,,,景気判断の根拠,,,,,,,現在の景気の水準,,,,,,1年後の景況感の予想,,,,,金利水準についての見方,,,,暮らし向きの変化・前年比,,,,,暮らし向きにゆとりが出てきた理由,,,,,,,,暮らし向きにゆとりがなくなってきた理由,,,,,,,,収入の変化・前年比,,,,収入が増えた理由,,,,,,,収入が減った理由,,,,,,,1年後の収入の予想,,,,収入が増えると考えた理由,,,,,,,収入が減ると考えた理由,,,,,,,支出の変化・前年比,,,,支出が増えた理由,,,,,,,,,,,支出が減った理由,,,,,,,,支出の変化（日常的な支出）,,,,支出の変化（選択的な支出）,,,,今後1年間の支出の予想,,,,今後1年間の支出を考えるにあたって特に重視すること,,,,,,,,今後1年間、商品やサービスを選ぶ際に特に重視すること,,,,,,,,,,,,,
,,,,Impression of Present Economic Conditions Compared with One Year Ago,,,,,Basis for the Impression of Present Economic Conditions,,,,,,,Current Economic Conditions,,,,,,Outlook for Economic Conditions One Year From Now,,,,,Perception of the Interest Rate Level,,,,Impression of Present Household Circumstances Compared with One Year Ago,,,,,Reason(s) Why Household Circumstances Have Become Better Off,,,,,,,,Reason(s) Why Household Circumstances Have Become Worse Off,,,,,,,,Present Income Level Compared with One Year Ago,,,,Reason(s) Why Income Has Increased,,,,,,,Reason(s) Why Income Has Decreased,,,,,,,Outlook for Income One Year from Now,,,,Reason(s) for Considering That Income Will Increase,,,,,,,Reason(s) for Considering That Income Will Decrease,,,,,,,Present Spending Level Compared with One Year Ago,,,,Reason(s) Why Household Has Increased Its Spending ,,,,,,,,,,,Reason(s) Why Household Has Decreased Its Spending,,,,,,,,Changes in Everyday Spending,,,,Changes in Selective Spending,,,,Plans for Spending Within the Year Ahead,,,,Major Factor(s) to Be Considered When Making Spending Decisions for the Year Ahead,,,,,,,,Major Factor(s) When Choosing Goods and Services on Which to Spend for the Year Ahead,,,,,,,,,,,,,
,,,,1年前と比べて、今の景気はどう変わりましたか。,,,,,『景況感・前年比』のご回答について、そのようにお考えになるのは、主にどのようなことからですか。【2つまでの複数回答】,,,,,,,現在の景気をどう感じますか。,,,,,,1年後の景気は、今と比べてどうなると思いますか。,,,,,景気の状況を考えたとき、現在の金利水準をどのようにお考えになりますか。,,,,1年前と比べて、あなたの暮らし向きがどう変わったと感じますか。,,,,,（『暮らし向きの変化・前年比』で「ゆとりが出てきた」と答えた方へ）その理由は次のうちどれですか。【複数回答】,,,,,,,,（『暮らし向きの変化・前年比』で「ゆとりがなくなってきた」と答えた方へ）その理由は次のうちどれですか。【複数回答】,,,,,,,,1年前と比べて、あなたの世帯の収入はどう変わりましたか。,,,,（『収入の変化・前年比』で「増えた」と答えた方へ）1年前と比べて、あなたの世帯の収入が変わった理由は何ですか。【複数回答】,,,,,,,（『収入の変化・前年比』で「減った」と答えた方へ）1年前と比べて、あなたの世帯の収入が変わった理由は何ですか。【複数回答】,,,,,,,1年後のあなたの世帯の収入は、現在と比べてどうなると思いますか。,,,,（『1年後の収入の予想』で「増える」と答えた方へ）現在と比べて、1年後のあなたの世帯の収入が変わると考えた理由は何ですか。【複数回答】,,,,,,,（『1年後の収入の予想』で「減る」と答えた方へ）現在と比べて、1年後のあなたの世帯の収入が変わると考えた理由は何ですか。【複数回答】,,,,,,,1年前と比べて、あなたの世帯の支出はどう変わりましたか。,,,,（『支出の変化・前年比』で「増えた」と答えた方へ）支出が増えたのはなぜですか。【複数回答】,,,,,,,,,,,（『支出の変化・前年比』で「減った」と答えた方へ）支出が減ったのはなぜですか。【複数回答】,,,,,,,,『支出の変化・前年比』のうち、あなたの世帯では、生活費や教育費などの日常的な支出をどうしていますか。,,,,『支出の変化・前年比』のうち、あなたの世帯では、趣味やレジャーなど選択的な支出をどうしていますか。,,,,今後1年間、あなたの世帯では支出をどうされますか。,,,,あなたの世帯が今後1年間の支出を考えるにあたって特に重視することは、次のうちどれですか。【複数回答】,,,,,,,,今後1年間、商品やサービスを選ぶ際に特に重視することは、次のうちどれですか。【3つまでの複数回答】,,,,,,,,,,,,,
,,,,How do you think economic conditions have changed compared with one year ago?,,,,,What makes you think that present economic conditions have either changed or remained the same compared with one year ago? (Up to two answers are allowed.),,,,,,,How would you describe the current economic conditions?,,,,,,What is your outlook for economic conditions one year from now?,,,,,"Considering the current economic conditions, what do you think of the current interest rate level?",,,,What do you think of your household circumstances compared with one year ago?,,,,,"For respondents who answered that their present household circumstances ""have become better off"" compared with one year ago, why do you think this is so? (Multiple answers are allowed.)",,,,,,,,"For respondents who answered that their present household circumstances ""have become worse off"" compared with one year ago, why do you think this is so? (Multiple answers are allowed.)",,,,,,,,How has your household income changed compared with one year ago?,,,,"For respondents who answered that their present household income ""has increased"" compared with one year ago, why is this so? (Multiple answers are allowed.)",,,,,,,"For respondents who answered that their present household income ""has decreased"" compared with one year ago, why is this so? (Multiple answers are allowed.)",,,,,,,What is your outlook for household income one year from now?,,,,"For respondents who answered that their household income ""will increase"" one year from now, why do you think this is so? (Multiple answers are allowed.)",,,,,,,"For respondents who answered that their household income ""will decrease"" one year from now, why do you think this is so? (Multiple answers are allowed.)",,,,,,,How has your household changed its spending compared with one year ago?,,,,"For respondents who answered that their household ""has increased"" its spending compared with one year ago, why has your household done so? (Multiple answers are allowed.)",,,,,,,,,,,"For respondents who answered that their household ""has decreased"" its spending compared with one year ago, why has your household done so? (Multiple answers are allowed.)",,,,,,,,How has your household changed its everyday spending such as on living and educational expenses compared with one year ago?,,,,"How has your household changed its selective spending, such as on hobbies and leisure activities, compared with one year ago?",,,,How does your household plan to change its spending within the year ahead?,,,,Which of the following is/are the major factor(s) that your household will consider when making spending decisions for the year ahead? (Multiple answers are allowed.),,,,,,,,Which of the following is/are the major factor(s) when choosing goods and services on which to spend for the year ahead? (Up to three answers are allowed.),,,,,,,,,,,,,
調査年月,Survey Date,調査回（注1）,Round of the Survey,良くなった,変わらない,悪くなった,D.I.（注2）,,マスコミ報道を通じて,景気関連指標、経済統計をみて,勤め先や自分の店の経営状況から,自分や家族の収入の状況から,商店街、繁華街などの混み具合をみて,その他,,良い,どちらかと言えば、良い,どちらとも言えない,どちらかと言えば、悪い,悪い,,良くなる,変わらない,悪くなる,D.I.（注3）,,金利が低すぎる,適当な水準である,金利が高すぎる,,ゆとりが出てきた,どちらとも言えない,ゆとりがなくなってきた,D.I.（注4）,,給与や事業などの収入が増えたから,利子や配当などの収入が増えたから,不動産の売却などの収入があったから,物価が下がったから,不動産・株式などの資産の価格が上がったから,扶養家族が減ったから,その他,,給与や事業などの収入が減ったから,利子や配当などの収入が減ったから,不動産の購入などの支出があったから,物価が上がったから,不動産・株式などの資産の価格が下がったから,扶養家族が増えたから,その他,,増えた,変わらない,減った,,定期支給額や基本給・時給が変化したから,働き方（労働時間、職責等）が変わったから,主な収入を得る仕事・手段が変わったから,景気の変化が収入に反映されたから,物価の変化が収入に反映されたから,その他,,定期支給額や基本給・時給が変化したから,働き方（労働時間、職責等）が変わったから,主な収入を得る仕事・手段が変わったから,景気の変化が収入に反映されたから,物価の変化が収入に反映されたから,その他,,増える,変わらない,減る,,定期支給額や基本給・時給が変化すると思うから,働き方（労働時間、職責等）が変わると思うから,主な収入を得る仕事・手段が変わると思うから,景気の変化が収入に反映されると思うから,物価の変化が収入に反映されると思うから,その他,,定期支給額や基本給・時給が変化すると思うから,働き方（労働時間、職責等）が変わると思うから,主な収入を得る仕事・手段が変わると思うから,景気の変化が収入に反映されると思うから,物価の変化が収入に反映されると思うから,その他,,増えた,変わらない,減った,,収入が増えたから,将来の収入増が見込まれるから,不動産など実物資産が値上がりしたから,株式や債券などの金融資産が値上がりしたから,住宅など不動産を購入したから,車など耐久消費財を購入したから,教育関連の支出が増えたから,扶養家族の増加などに伴う支出があったから,生活関連の物やサービスの値段が上がったから,その他,,収入が減ったから,将来の収入増が見込まれないから,不動産など実物資産が値下がりしたから,株式や債券などの金融資産が値下がりしたから,扶養家族の減少などに伴い支出が減ったから,生活関連の物やサービスの値段が下がったから,その他,,増やしている,変えていない,減らしている,,増やしている,変えていない,減らしている,,増やす,変えない,減らす,,収入の増減,貯蓄や株式、不動産など保有資産の増減,ローン返済の進捗状況,今後の物価の動向,余暇・休暇の増減,興味のある商品・サービスの有無,その他,,価格が安い,安全性が高い,信頼性が高い,機能が良い,長く使える,環境や社会に配慮している,デザインが良い（注5）,流行のものである（注5）,今までにない新しいものである（注5）,アフターサービスが充実している,好奇心が刺激される（注5）,健康に良い,ブランドイメージが良い（注5）,その他（注6）
,,,,Have improved,Have remained the same,Have worsened,D.I. (Note 1),,Media reports,Economic indicators and statistics,"Business performance of the company I work for, or of my own company",Income level for myself or other family members,Bustle of shopping streets and dining establishments,Other,,Favorable,Somewhat favorable,Difficult to say,Somewhat unfavorable,Unfavorable,,Will improve,Will remain the same,Will worsen,D.I. (Note 2),,Too low,Appropriate,Too high,,Have become better off,Difficult to say,Have become worse off,D.I. (Note 3),,My salary and business income have increased,My interest income and dividend payments have increased,I gained special income from sales of real estate,Prices have declined,The value of my household's assets such as real estate and stocks has increased,The number of dependents in my household has decreased,Other,,My salary and business income have decreased,My interest income and dividend payments have decreased,I purchased real estate,Prices have risen,The value of my household's assets such as real estate and stocks has declined,The number of dependents in my household has increased,Other,,Has increased,Has remained the same,Has decreased,,"My regular income, base pay, or hourly wage has changed","My work situation, such as working hours and responsibilities, has changed",My job and/or main source of income has changed,Changes in economic conditions are being reflected in my income,Changes in prices are being reflected in my income,Other,,"My regular income, base pay, or hourly wage has changed","My work situation, such as working hours and responsibilities, has changed",My job and/or main source of income has changed,Changes in economic conditions are being reflected in my income,Changes in prices are being reflected in my income,Other,,Will increase,Will remain the same,Will decrease,,"My regular income, base pay, or hourly wage will change","My work situation, such as working hours and responsibilities, will change",My job and/or main source of income will change,Changes in economic conditions will be reflected in my income,Changes in prices will be reflected in my income,Other,,"My regular income, base pay, or hourly wage will change","My work situation, such as working hours and responsibilities, will change",My job and/or main source of income will change,Changes in economic conditions will be reflected in my income,Changes in prices will be reflected in my income,Other,,Has increased,Has neither increased nor decreased,Has decreased,,My income has increased,My income is likely to increase in the future,The value of my household's non-financial assets such as real estate has increased,The value of my household's financial assets such as stocks and bonds has increased,I purchased real estate such as a house,I purchased consumer durable goods such as a car,My spending related to education has increased,My spending has risen due to an increased number of dependents in my household,The costs of consumer goods and services have risen,Other,,My income has decreased,My income is not likely to increase in the future,The value of my household's non-financial assets such as real estate has decreased,The value of my household's financial assets such as stocks and bonds has decreased,My spending has fallen due to a decreased number of dependents in my household,The costs of consumer goods and services have declined,Other,,Has increased,Has neither increased nor decreased,Has decreased,,Has increased,Has neither increased nor decreased,Has decreased,,Will increase,Will neither increase nor decrease,Will decrease,,An increase or decrease in my household's income,"An increase or decrease in the value of my household's assets such as savings, stocks, and real estate",Progress in loan repayments,Future developments in prices,An increase or decrease in leisure time and holidays,Whether there are appealing goods and services,Other,,Low price,Safety,Reliability,Functionality,Durability,Environmental and social friendliness,Design (Note 4),Trend (Note 4),Originality/Innovation (Note 4),After-sales service,Curiosity (Note 4),Wholesomeness,Brand reputation (Note 4),Other
2006年6月,2006 June,第26回,26th survey,15.1,62.4,21.8,-6.7,,20,9.4,38,56.5,21.7,4.4,,-,-,-,-,-,,16.5,62.3,20.3,-3.8,,64.8,22.3,9.9,,4.8,53.3,41.8,-37.1,,61.7,8.4,0.9,9.3,14,15,17.8,,63.9,14.7,4.2,30,5.9,7.7,26.9,,10.5,49.7,39.6,,-,-,-,-,-,-,,-,-,-,-,-,-,,8.8,57.6,33.1,,-,-,-,-,-,-,,-,-,-,-,-,-,,35.5,45,19.3,,5.4,2.8,2.1,1.4,9.6,25.3,-,26.7,-,45,,68.1,46.3,3.2,4.2,14.8,-,11.6,,12.8,54.8,31.1,,6.2,38.4,54,,5.5,45.5,48.4,,-,-,-,-,-,-,-,,-,-,-,-,-,-,-,-,-,-,-,-,-,-
2006年9月,2006 Sept.,第27回,27th survey,11.9,65,22.9,-11,,19.2,8.5,36,60.1,22.6,3.7,,-,-,-,-,-,,13.8,65.7,19.7,-5.9,,64.2,25.4,7.7,,4.4,51.3,44,-39.6,,55.2,3.4,3.4,4.6,4.6,20.7,19.5,,66.4,13.9,4.1,30.9,6.3,9.8,26.4,,8.9,45.8,45,,-,-,-,-,-,-,,-,-,-,-,-,-,,8.1,55.6,36,,-,-,-,-,-,-,,-,-,-,-,-,-,,39.2,41.8,18.6,,5.2,1.2,1.5,1.2,6.1,20.7,-,24.1,50.1,32.2,,71,40.1,2.7,4.9,11.7,-,14.6,,12.8,57.5,28.8,,6.9,40.6,51.6,,5,45.8,48.3,,-,-,-,-,-,-,-,,-,-,-,-,-,-,-,-,-,-,-,-,-,-
2006年12月,2006 Dec.,第28回,28th survey,11.1,65.3,23.3,-12.2,,17.9,6.4,36,60.2,24.9,2.5,,0.6,13.2,40.7,35.6,9.5,,10.3,67.5,21.7,-11.4,,63.5,23,10.9,,5,50.1,44.6,-39.6,,48.9,11.1,2.2,8.9,6.7,24.4,24.4,,66.8,13.7,4.5,23.9,6.7,10.2,26.1,,9.3,46.9,43.4,,-,-,-,-,-,-,,-,-,-,-,-,-,,7.5,56.2,35.5,,-,-,-,-,-,-,,-,-,-,-,-,-,,37.3,43,19.4,,5.4,1.1,1.1,0.6,6,21.1,-,25.4,38,33.8,,74,48.6,4,5.2,13,-,9.8,,13,53.3,32.8,,6.2,39.2,54.1,,5.2,44.6,49.6,,-,-,-,-,-,-,-,,-,-,-,-,-,-,-,-,-,-,-,-,-,-
2007年3月,2007 Mar.,第29回,29th survey,11.1,65.3,23.2,-12.1,,18.8,7.6,37.1,58.8,26.3,2.9,,0.6,12.4,40.8,35.9,10,,12.3,67,20,-7.7,,58.2,28.4,10.5,,4.7,49.3,45.9,-41.2,,65.2,9.8,1.1,5.4,10.9,18.5,12,,69.7,15.8,4.6,21.1,6.1,9.2,27.7,,9.7,44.9,45,,-,-,-,-,-,-,,-,-,-,-,-,-,,7.4,53.7,37.9,,-,-,-,-,-,-,,-,-,-,-,-,-,,36.7,40.1,22.1,,6.8,2.1,1.5,1.5,7,23,-,24.5,38,34.5,,75.5,51.7,3.5,3.2,10.6,-,12,,12,52.7,34.3,,6.1,36,57.3,,5.8,41,52.7,,-,-,-,-,-,-,-,,-,-,-,-,-,-,-,-,-,-,-,-,-,-
2007年6月,2007 June,第30回,30th survey,11.6,64.1,23.6,-12,,21.2,8.8,38,55.3,22.2,3.8,,1,14,39.8,35.2,9.9,,10.2,64.3,24.7,-14.5,,60.7,23.2,11.8,,5,51.6,43,-38,,48.2,10,0.9,5.5,7.3,29.1,17.3,,63.7,12.7,5,30.8,5.7,7.7,22.6,,8.4,50.6,40.2,,-,-,-,-,-,-,,-,-,-,-,-,-,,7.3,55.9,36.2,,-,-,-,-,-,-,,-,-,-,-,-,-,,36.1,41.4,21.1,,5.2,1.1,1.5,1.1,8.3,20.1,-,19.7,43.9,32.3,,66.5,45.9,4.3,4.6,12.2,-,11.3,,11.2,54.8,31.9,,6.7,40.7,51.1,,5.2,44.6,49.4,,-,-,-,-,-,-,-,,-,-,-,-,-,-,-,-,-,-,-,-,-,-
2007年9月,2007 Sept.,第31回,31st survey,6.7,58.7,34.1,-27.4,,19.5,9.6,37.1,57.8,21.9,3.8,,0.6,8.9,35.6,41.6,13,,6.7,63.1,29.6,-22.9,,57.2,26.2,12.5,,4.1,46.5,49.2,-45.1,,55.6,15.6,2.2,3.3,4.4,21.1,14.4,,62.7,12.9,4.3,35.5,5.5,7.1,23.8,,8.1,46.6,45,,-,-,-,-,-,-,,-,-,-,-,-,-,,6.1,54.5,38.9,,-,-,-,-,-,-,,-,-,-,-,-,-,,38.5,40.4,19.1,,5.1,1.4,1.3,1.3,5.2,20.5,-,21.3,52.4,30.2,,70.3,47.5,2.6,5.3,10.8,-,8.9,,12.3,52,34,,5.8,36.6,56.4,,5.3,43.5,50.1,,-,-,-,-,-,-,-,,-,-,-,-,-,-,-,-,-,-,-,-,-,-
2007年12月,2007 Dec.,第32回,32nd survey,4.8,49.1,45.5,-40.7,,24.5,10,35.8,53.8,22.4,5.4,,0.2,6.6,28.9,47.4,16.7,,5,48.1,46.4,-41.4,,57.3,27.2,11,,3.4,42.9,53.4,-50,,64.6,10.1,7.6,1.3,8.9,13.9,15.2,,58.6,13.3,3,58.7,7.6,7.5,16,,7.7,47,45,,-,-,-,-,-,-,,-,-,-,-,-,-,,6.3,53.5,39.7,,-,-,-,-,-,-,,-,-,-,-,-,-,,42.4,35.1,21.3,,5.3,1,1.3,0.4,5.4,18.5,-,21.8,64.8,22.8,,70.6,46.9,5.1,7.3,12.2,-,8.4,,10.7,52.9,34.3,,5.8,35.1,57.8,,4.6,39.6,54.5,,-,-,-,-,-,-,-,,-,-,-,-,-,-,-,-,-,-,-,-,-,-
2008年3月,2008 Mar.,第33回,33rd survey,2.4,37.1,60.1,-57.7,,30.1,13.9,34.5,47.7,23.7,6.3,,0.3,3.3,20.5,55,20.6,,3.6,48.5,47.3,-43.7,,55.7,28.1,11.6,,2.6,40.4,56.7,-54.1,,66.7,5,3.3,3.3,1.7,26.7,8.3,,54.8,12.5,2.4,63.5,10.1,7.3,14.9,,7.2,47.4,45.2,,-,-,-,-,-,-,,-,-,-,-,-,-,,5.6,53.5,40.5,,-,-,-,-,-,-,,-,-,-,-,-,-,,42.1,33.9,22.7,,3.7,0.8,1.4,0.3,3.6,17.1,-,21.9,73.2,21.3,,72.4,46.6,4.6,10.2,9.8,-,7.5,,11.6,48.8,37.8,,4,32.8,62.3,,4.1,37.6,57.3,,-,-,-,-,-,-,-,,-,-,-,-,-,-,-,-,-,-,-,-,-,-
2008年6月,2008 June,第34回,34th survey,1.7,28.8,69,-67.3,,35,13.5,35.1,46,21.2,6.6,,0,2.4,17.5,54.1,25.8,,2.2,36.9,60.5,-58.3,,53.3,28.8,14,,3.4,34.9,61.6,-58.2,,63.8,1.3,1.3,1.3,0,18.8,17.5,,52.6,13.2,3,75.6,8.1,7.3,13.1,,7.7,45.4,46.4,,-,-,-,-,-,-,,-,-,-,-,-,-,,5.9,50.6,43,,-,-,-,-,-,-,,-,-,-,-,-,-,,48,30,20.4,,3.9,1,1.8,0.4,3.7,16.8,-,20.2,80.3,17.4,,75.9,51.3,4.1,8.5,9.7,-,7.6,,12.2,48,37.6,,3.4,32.4,62.7,,3.8,36.2,58.7,,-,-,-,-,-,-,-,,-,-,-,-,-,-,-,-,-,-,-,-,-,-
2008年9月,2008 Sept.,第35回,35th survey,0.6,18,81,-80.4,,36.5,17.1,36.7,41.1,22.4,7.4,,0.1,1.3,10.4,52.8,35.3,,3.2,38.4,57.9,-54.7,,51.7,28.5,14.1,,2.6,32,65.2,-62.6,,62.3,6.6,0,1.6,1.6,21.3,16.4,,52.6,11.8,3.3,79.5,10.1,5.9,11.5,,8.2,42.5,49.1,,-,-,-,-,-,-,,-,-,-,-,-,-,,5.7,49.4,44.5,,-,-,-,-,-,-,,-,-,-,-,-,-,,50.8,25.3,22.5,,3.7,0.9,0.5,0.4,4.6,16.3,-,17.2,82.6,17.4,,72.9,53.6,4,12.9,7.7,-,7.1,,12,46.7,39.5,,2.8,29,67.1,,3.7,35.6,59.6,,-,-,-,-,-,-,-,,-,-,-,-,-,-,-,-,-,-,-,-,-,-
2008年12月,2008 Dec.,第36回,36th survey,0.6,16,82.5,-81.9,,43.3,20.2,34.6,36.5,20.5,5.2,,0.1,0.6,9.7,45.9,43.6,,4.8,42,52.7,-47.9,,46.2,34.2,15.6,,2.3,34.7,62.7,-60.4,,70.9,0,1.8,5.5,0,14.5,20,,53.2,14.7,3.9,69.6,14.8,6.6,11.8,,5.6,44.8,49.4,,-,-,-,-,-,-,,-,-,-,-,-,-,,5,48.3,46.2,,-,-,-,-,-,-,,-,-,-,-,-,-,,41.3,32.9,24.7,,3.6,0.4,1.1,0.6,6.3,16.2,-,20.1,75.6,20.5,,70.9,47.6,5.3,17.3,7,-,9.5,,9.4,47.2,42,,2.5,29.9,66.7,,3,32.4,63.8,,-,-,-,-,-,-,-,,-,-,-,-,-,-,-,-,-,-,-,-,-,-
2009年3月,2009 Mar.,第37回,37th survey,0.2,10,89.1,-88.9,,49.5,18.8,38.3,36.3,19.3,5,,0,0.4,5.4,36.6,57.4,,8.5,49.2,42,-33.5,,43.7,36.8,15.8,,2.3,35.7,61.7,-59.4,,66.1,1.8,1.8,5.4,0,17.9,25,,63.7,17.2,2.6,46.3,15.6,6.9,13.8,,5.4,38.4,56.1,,-,-,-,-,-,-,,-,-,-,-,-,-,,5.3,44.8,49.6,,-,-,-,-,-,-,,-,-,-,-,-,-,,32.3,37.5,28.7,,3.8,1.5,0.8,0.3,7.4,19.2,-,22.8,64.6,25.5,,72.4,51.8,4.4,17.7,7.5,-,7.9,,7,46.5,44.6,,2.4,28.9,67.4,,2.3,31.3,65.7,,-,-,-,-,-,-,-,,-,-,-,-,-,-,-,-,-,-,-,-,-,-
2009年6月,2009 June,第38回,38th survey,0.5,17.1,81.9,-81.4,,36.8,17.9,41.9,42.5,22.1,3.8,,0,0.6,9.6,41.8,47.7,,13.9,61.6,23.8,-9.9,,45.5,35.8,15.6,,2.6,37.4,59.6,-57,,61.3,1.6,1.6,17.7,0,24.2,12.9,,70.2,17.2,3.8,31.4,11.9,6.2,16,,4.5,38.5,56.6,,-,-,-,-,-,-,,-,-,-,-,-,-,,6.1,52.7,40.9,,-,-,-,-,-,-,,-,-,-,-,-,-,,31.4,38,29.4,,3.3,1.3,1.1,0.1,7.5,19.9,-,25.9,48.3,30.2,,73.1,48.6,5.3,15.4,8.4,-,6.8,,7.3,47.7,43.5,,2.2,31.9,64.9,,2.3,37.9,59.2,,-,-,-,-,-,-,-,,-,-,-,-,-,-,-,-,-,-,-,-,-,-
2009年9月,2009 Sept.,第39回,39th survey,1.8,23.5,74.1,-72.3,,30.5,12.5,41.5,50.4,21.4,4.3,,0.1,0.8,10.6,46.5,41.6,,14.9,63.4,20.6,-5.7,,50,33.5,14.1,,2.2,36.5,60.9,-58.7,,62,4,0,6,8,22,22,,73.7,16.7,2.9,31.4,10.5,5,15.5,,4.2,33.8,61.5,,-,-,-,-,-,-,,-,-,-,-,-,-,,6.1,53.3,40.2,,-,-,-,-,-,-,,-,-,-,-,-,-,,29.6,39.1,30.3,,2.5,1.3,0.4,0.4,6.1,22.7,-,24.8,49,31,,75.9,48.6,5.4,12.2,8,-,8.9,,7.2,46.4,45.3,,2.9,31,65.2,,3.1,36.7,59.4,,-,-,-,-,-,-,-,,-,-,-,-,-,-,-,-,-,-,-,-,-,-
2009年12月,2009 Dec.,第40回,40th survey,1.6,29.1,68.6,-67,,31,12.8,40.5,49.5,24.6,4.4,,0.1,0.8,11.7,46.4,40.6,,8.6,58.8,31.7,-23.1,,48.8,34.6,14,,2.7,38,58.8,-56.1,,46.9,1.6,0,15.6,3.1,17.2,32.8,,74.9,15.4,2.7,19,11.8,8,15.9,,4.1,35.8,59.8,,-,-,-,-,-,-,,-,-,-,-,-,-,,6,50.6,43,,-,-,-,-,-,-,,-,-,-,-,-,-,,29.1,38,31.8,,5.1,1.3,0.9,0,6,21.8,-,29.5,37.3,31.3,,74.9,46.9,5.4,12.2,7,-,6.8,,7,46.8,44.7,,3,29.1,67.1,,2.9,35.8,60.7,,-,-,-,-,-,-,-,,-,-,-,-,-,-,-,-,-,-,-,-,-,-
2010年3月,2010 Mar.,第41回,41st survey,2,33.8,64,-62,,32.8,12.3,40.4,49.6,25.7,2.8,,0.1,0.7,11.4,47.5,40,,9.2,62.9,27.1,-17.9,,50.1,35.2,12.7,,3.4,40.1,56.3,-52.9,,53.2,1.3,0,23.4,2.6,22.1,16.9,,75.3,16.9,3.3,15.4,11.7,7.1,19.4,,5.3,37.7,56.7,,-,-,-,-,-,-,,-,-,-,-,-,-,,6.7,52.8,40.2,,-,-,-,-,-,-,,-,-,-,-,-,-,,29.6,40.2,29,,4.4,3.1,0.3,0.4,5.8,25.6,-,30.2,33.6,31.7,,78.1,46.3,3.6,10.4,5.9,-,6.5,,7.4,48.2,42.9,,2.9,31.4,64.9,,3.4,36.8,59.3,,-,-,-,-,-,-,-,,-,-,-,-,-,-,-,-,-,-,-,-,-,-
2010年6月,2010 June,第42回,42nd survey,6.2,45.8,47.4,-41.2,,28.6,10.6,39.6,51.3,22.6,4.3,,0.2,2.1,18.4,49.5,29.4,,11.7,64.8,22.9,-11.2,,51.4,33.7,12,,3.2,45.3,51.2,-48,,58.9,6.8,2.7,19.2,6.8,13.7,20.5,,70.8,16,3.6,23.3,10.1,7.6,19.1,,6,42.8,51.1,,-,-,-,-,-,-,,-,-,-,-,-,-,,6.2,58.2,35.1,,-,-,-,-,-,-,,-,-,-,-,-,-,,29.7,42.5,26.8,,3.6,1.6,1.3,0.7,7.1,25.5,-,26.2,39.2,33,,78.9,43.7,5,8.7,8.9,-,7.6,,8.2,48.5,41.5,,3.7,34,61.3,,3.9,40.2,55.2,,-,-,-,-,-,-,-,,-,-,-,-,-,-,-,-,-,-,-,-,-,-
2010年9月,2010 Sept.,第43回,43rd survey,5.3,46.9,47.4,-42.1,,29.5,10.2,39.2,51.1,24.2,4.1,,0.4,2.1,17.1,52.1,28.1,,5.9,63.1,30.6,-24.7,,50.6,34.2,12.6,,4.3,44.4,51.1,-46.8,,63.2,2.1,1.1,6.3,3.2,17.9,25.3,,70.9,13.8,3.4,20.7,12.7,10.4,19.8,,7,42.2,50.6,,-,-,-,-,-,-,,-,-,-,-,-,-,,7.2,54.7,37.7,,-,-,-,-,-,-,,-,-,-,-,-,-,,31.4,42.3,25.3,,6.6,1.1,1,0,6.7,22.8,-,29.9,37.4,30.5,,76.2,45.8,5.7,11,10.1,-,6.6,,9,50.7,38.8,,3.6,35.9,59.6,,3.8,42.5,53,,-,-,-,-,-,-,-,,-,-,-,-,-,-,-,-,-,-,-,-,-,-
2010年12月,2010 Dec.,第44回,44th survey,3,41.5,54.7,-51.7,,31.3,11.3,37.1,49.1,23.7,4.2,,0,1.4,14.8,49.8,33.8,,4.6,64.3,30.5,-25.9,,52,35.3,10.5,,3.5,44.7,51.6,-48.1,,46.3,4.9,1.2,8.5,1.2,19.5,32.9,,67.7,15.6,3.4,25.8,10.7,7.6,20.3,,6.1,41.4,52.3,,-,-,-,-,-,-,,-,-,-,-,-,-,,5.7,54.4,39.7,,-,-,-,-,-,-,,-,-,-,-,-,-,,33,40.2,25.5,,3.6,0.6,0.9,0.3,6.7,23.4,-,25.4,41.1,30.7,,71.9,45.7,3.7,10.2,9,-,9,,9.6,48.8,40.3,,4.6,32.8,61.8,,3.5,40.6,55.5,,-,-,-,-,-,-,-,,-,-,-,-,-,-,-,-,-,-,-,-,-,-
2011年3月,2011 Mar.,第45回,45th survey,4.5,48.2,46.8,-42.3,,30.6,11.2,36.4,50.6,25.4,3.9,,0,2,17.8,51.2,28.5,,7.7,62.4,29.4,-21.7,,53.1,35.1,10,,3.6,46.4,49.8,-46.2,,58,3.7,0,9.9,3.7,17.3,27.2,,65.3,15.5,3.5,32.2,10.4,7.5,21.2,,7.3,44,48.2,,-,-,-,-,-,-,,-,-,-,-,-,-,,6.6,54.2,38.8,,-,-,-,-,-,-,,-,-,-,-,-,-,,33.3,41.5,24.2,,4.7,0.8,1.5,1.2,7.1,23,-,28.2,43.1,29.5,,70.2,47.3,6.1,8.5,8.7,-,8.5,,9.8,53.8,34.6,,3.8,36.8,58.4,,4.3,43.3,51.8,,-,-,-,-,-,-,-,,-,-,-,-,-,-,-,-,-,-,-,-,-,-
2011年6月,2011 June,第46回,46th survey,1.9,36.2,61.4,-59.5,,29.7,13.7,37.2,45.4,27.2,5.6,,0.1,1.6,15.9,52.5,29.9,,10,50,39.6,-29.6,,50.9,34.5,12.3,,4,45.1,50.4,-46.4,,61.1,2.2,0,5.6,2.2,21.1,21.1,,65.7,14.2,4,28.3,10.1,8.4,21.2,,7.7,43.3,48.6,,-,-,-,-,-,-,,-,-,-,-,-,-,,6.5,51,42,,-,-,-,-,-,-,,-,-,-,-,-,-,,32.5,42.1,24.2,,6.6,1.8,1,0.1,5.1,18.8,-,25.9,42.2,31.4,,72.3,41.4,5.9,10.7,9.2,-,9.4,,9,52.6,37.3,,3.9,37.5,57.9,,3.7,42,53.9,,-,-,-,-,-,-,-,,-,-,-,-,-,-,-,-,-,-,-,-,-,-
2011年9月,2011 Sept.,第47回,47th survey,1.7,33.7,64.1,-62.4,,32.5,14.8,35.4,47.9,23.6,5,,0,1.3,15.7,51.5,31.1,,7.3,55.9,36.5,-29.2,,51.7,33.5,12.3,,4.4,44.2,51.2,-46.8,,54.5,3,4,5.1,2,21.2,25.3,,67.7,16.9,3.3,32.3,10.9,6.9,19.5,,7.1,41,51.7,,-,-,-,-,-,-,,-,-,-,-,-,-,,5,51.1,43.4,,-,-,-,-,-,-,,-,-,-,-,-,-,,30.8,42.5,25.6,,4.5,1.8,1.3,0.1,6.4,20.1,-,27.3,45.8,28.9,,73.5,52.5,5.1,11.4,8.3,-,7.9,,7.9,50.8,39.9,,3.4,36.2,59.7,,3,40.9,55.4,,-,-,-,-,-,-,-,,-,-,-,-,-,-,-,-,-,-,-,-,-,-
2011年12月,2011 Dec.,第48回,48th survey,1.9,38.3,59.4,-57.5,,32.2,13.5,36,47.5,24.6,3.4,,0.2,1.3,14.9,52.8,30.4,,5.2,53.3,41.1,-35.9,,53.4,32.7,11.4,,3.6,44.7,51.6,-48,,56.4,1.3,2.6,7.7,1.3,14.1,29.5,,65.3,16.7,3.8,28.5,11.7,7.9,21.6,,6.8,43.6,49.4,,-,-,-,-,-,-,,-,-,-,-,-,-,,5,49.2,45.4,,-,-,-,-,-,-,,-,-,-,-,-,-,,32,43,23.7,,4.6,1.7,1,0.4,6.4,19.4,-,25.8,42.1,32.3,,73.2,44.3,4.9,11.7,7.4,-,8.8,,8.8,53.3,36.4,,3.4,36.3,59.3,,3.5,40.8,55,,-,-,-,-,-,-,-,,-,-,-,-,-,-,-,-,-,-,-,-,-,-
2012年3月,2012 Mar.,第49回,49th survey,1.9,40.3,57.5,-55.6,,34.7,13.2,34.2,48.5,25.4,3.3,,0.1,1.2,17,52.5,29,,6.7,55.9,37.1,-30.4,,54.1,30,12.6,,4,47.3,48.3,-44.3,,69.7,0,1.1,0,0,18,16.9,,65.8,16.6,3.3,29.9,11.2,6.5,20.3,,6.7,44.5,48.7,,-,-,-,-,-,-,,-,-,-,-,-,-,,5.9,47.9,45.8,,-,-,-,-,-,-,,-,-,-,-,-,-,,31.4,43.4,23.7,,6,1.4,0.3,0.3,4.8,23.1,-,25.8,45.2,29.2,,71.3,48.9,7.2,11.7,7.5,-,7.7,,8.4,51.5,38.7,,3.8,35.2,60,,4,40.9,54.6,,-,-,-,-,-,-,-,,-,-,-,-,-,-,-,-,-,-,-,-,-,-
2012年6月,2012 June,第50回,50th survey,4.5,51.3,44,-39.5,,31.3,12.7,35.2,48.1,24.9,3.6,,0.1,2.6,20.6,52.4,24.2,,7.8,58.1,33.8,-26,,53.1,32.1,11.5,,3.6,49,47,-43.4,,54.3,4.9,2.5,8.6,0,19.8,21,,64.1,15.8,3.6,28.2,11.8,10.1,20.1,,7.5,47.2,45.2,,-,-,-,-,-,-,,-,-,-,-,-,-,,6.4,52.3,41.1,,-,-,-,-,-,-,,-,-,-,-,-,-,,32.2,45.1,21.7,,6.4,1.1,0.5,0.4,4.6,20.3,-,29.7,45.1,30,,68.3,45.1,5.3,9.3,11.1,-,11.1,,10,53.7,34.5,,4.6,37.5,56.9,,3.2,44,52.1,,-,-,-,-,-,-,-,,-,-,-,-,-,-,-,-,-,-,-,-,-,-
2012年9月,2012 Sept.,第51回,51st survey,2.9,50.7,46,-43.1,,27.5,10.9,34.7,53.2,25.2,4,,0,2,20.4,53.2,24.3,,4.6,54.3,40.7,-36.1,,52.4,32.7,11.8,,3.7,47.1,48.9,-45.2,,54.9,2.4,2.4,7.3,0,20.7,26.8,,66.4,15.8,3.7,30.8,10.5,7.5,18.8,,7.1,42.3,50.1,,-,-,-,-,-,-,,-,-,-,-,-,-,,5.3,48.2,45.8,,-,-,-,-,-,-,,-,-,-,-,-,-,,32.2,40.5,25.8,,6.1,2.1,0.8,0,7.8,21.9,-,27.7,42,25.7,,70.9,45.5,4.9,8.6,8.6,-,9.7,,9.4,51.7,37.2,,4.1,34.6,60.3,,3.5,40.2,55.7,,-,-,-,-,-,-,-,,-,-,-,-,-,-,-,-,-,-,-,-,-,-
2012年12月,2012 Dec.,第52回,52nd survey,1.6,45.6,52.2,-50.6,,31.5,12.7,35.6,48.9,25.6,3.5,,0.1,1.4,17.2,51.6,29.6,,4.5,57.7,37.6,-33.1,,50.3,35.2,11.5,,3.3,46,50.4,-47.1,,57.1,3.9,1.3,13,0,15.6,27.3,,62.1,16.9,4.2,27.7,11,8.8,21,,6.8,44.5,48.3,,-,-,-,-,-,-,,-,-,-,-,-,-,,5.5,49.6,44.6,,-,-,-,-,-,-,,-,-,-,-,-,-,,31.6,44.3,23.2,,4.8,1.4,1.1,0.5,7.8,24.7,-,28.8,43.2,27,,72.8,48.1,5.2,8.4,9.5,-,10.3,,9.5,53.8,35.4,,4.5,38.6,56.1,,4.6,40.5,54.4,,-,-,-,-,-,-,-,,-,-,-,-,-,-,-,-,-,-,-,-,-,-
2013年3月,2013 Mar.,第53回,53rd survey,6.6,63.7,29.2,-22.6,,25.4,9.3,34.5,55.8,24.8,3.6,,0.4,4.9,30.7,44.4,19.2,,24.1,57.9,17.3,6.8,,54,31.3,11.4,,4.3,50.4,45,-40.7,,62.7,3.9,1,6.9,8.8,16.7,17.6,,65.6,13.6,3.8,31.2,7,9.5,20.2,,7.2,46.9,45.6,,-,-,-,-,-,-,,-,-,-,-,-,-,,9.5,53.1,37,,-,-,-,-,-,-,,-,-,-,-,-,-,,32.6,43.8,21.9,,4.4,2.6,1.6,0.4,5.5,21,-,28.5,46,25.9,,75.1,47.4,5.4,5.2,9.7,-,7.8,,9.6,55.1,33.7,,5.2,37.7,56.2,,4.8,45.8,48.7,,72.9,19.5,18.1,37.2,10.8,17.7,4.6,,52.8,43.9,39.1,37.4,36.9,8.2,8.7,1,2,18,5.4,14,2.5,0.6
2013年6月,2013 June,第54回,54th survey,13.2,68.2,18,-4.8,,19.7,8.7,35.3,59.1,20.8,3.7,,1.1,12.7,47.2,30.3,8.4,,24.3,58.5,16.8,7.5,,47.4,37.7,12.1,,4.9,55.5,39.2,-34.3,,42,22.3,1.8,3.6,25.9,20.5,9.8,,61.5,10,3,33.7,2.7,8,26.6,,7.5,54.3,38,,-,-,-,-,-,-,,-,-,-,-,-,-,,9.2,58,32.3,,-,-,-,-,-,-,,-,-,-,-,-,-,,34.5,46.9,17.4,,5.6,2.3,0.9,2.9,6.4,20.8,-,26.5,42.1,27.6,,72.7,41.8,1.8,2.8,8.6,-,11.1,,12,56.8,29.7,,6.2,42.1,50.5,,6.1,48.8,44.3,,-,-,-,-,-,-,-,,-,-,-,-,-,-,-,-,-,-,-,-,-,-
2013年9月,2013 Sept.,第55回,55th survey,12.3,66.9,20.6,-8.3,,20.6,8.9,33.5,59.5,21.2,3.6,,0.6,11.5,46.3,32,9.5,,16.2,57.8,25.8,-9.6,,44.2,39.5,12.5,,4.7,53.4,41.6,-36.9,,52.4,13.3,3.8,1.9,23.8,15.2,21.9,,59.5,12.7,4.4,47.5,4.5,9,20.4,,8.7,51.6,39.4,,-,-,-,-,-,-,,-,-,-,-,-,-,,8.3,55.2,36,,-,-,-,-,-,-,,-,-,-,-,-,-,,37.8,42.9,17.9,,4.8,1.2,1.6,1.2,6.7,17.6,-,23.7,56.6,24.4,,73.1,43.5,1.7,5.7,10,-,10.2,,11.4,56.8,30.1,,6.1,40.9,51.7,,4.8,47.9,46.5,,-,-,-,-,-,-,-,,-,-,-,-,-,-,-,-,-,-,-,-,-,-
2013年12月,2013 Dec.,第56回,56th survey,12.3,65.9,21.5,-9.2,,19.6,8.3,34.1,58.4,21.6,3.7,,0.7,12.5,45.6,32.2,8.7,,15.9,53.6,29.9,-14,,50.4,35.6,11.2,,4.7,54.3,40.9,-36.2,,54.7,12.3,6.6,3.8,11.3,16,18.9,,58.7,10.8,2.6,46.1,4,8.8,22.6,,8.4,50.5,40.6,,-,-,-,-,-,-,,-,-,-,-,-,-,,8.1,53.5,37.8,,-,-,-,-,-,-,,-,-,-,-,-,-,,37.6,42.4,18.6,,7.2,1.8,0.8,1.8,6.4,18.9,-,23,49,29.1,,70.7,41.5,2.6,5,12.7,-,11,,12.2,56.4,29.5,,7,41.1,50.6,,5.9,46.8,46.5,,-,-,-,-,-,-,-,,-,-,-,-,-,-,-,-,-,-,-,-,-,-
2014年3月,2014 Mar.,第57回,57th survey,13.2,66.8,19.6,-6.4,,19.5,9.2,33.5,61.5,21.6,3.5,,0.9,14.9,47.7,29.3,7,,14.9,53.3,31.4,-16.5,,51.6,34.5,11.2,,4.6,57.1,38.1,-33.5,,56.9,15.7,5.9,2,14.7,8.8,19.6,,58.9,12.2,4.9,46.1,3.3,9.2,22.2,,8.6,52.8,38.4,,-,-,-,-,-,-,,-,-,-,-,-,-,,8.6,53.1,38,,-,-,-,-,-,-,,-,-,-,-,-,-,,36.7,43.9,18.6,,6.2,2.1,1.7,2.2,6.9,22,-,24.6,52,21.8,,74.8,44.1,2.7,5.1,10.3,-,6.6,,10.9,56.9,31.2,,6.3,41.5,51.5,,5.4,45.5,48.7,,64.4,15.1,13.8,43.9,12.2,18.9,2.5,,48.9,48.3,40.3,37.6,37.8,6.9,8.7,0.7,1.9,19.6,4.1,11.9,3,0.6
2014年6月,2014 June,第58回,58th survey,13.5,62.6,23.5,-10,,20.3,9.1,30.9,57.6,23.8,3.6,,0.9,15.3,44.9,31.1,7.6,,12.3,59.7,27.6,-15.3,,54.5,31,10.7,,3.9,52.3,43.7,-39.8,,53.4,10.2,2.3,0,12.5,21.6,19.3,,49,11.4,3.1,61.9,3.6,8.6,20.9,,9.2,51.4,39.2,,-,-,-,-,-,-,,-,-,-,-,-,-,,8.3,55.5,35.8,,-,-,-,-,-,-,,-,-,-,-,-,-,,42.6,38.3,17.5,,5.4,1.8,0.9,0.9,5.6,17.6,-,19.7,70.9,18.6,,73.8,42.8,3.8,4,11.6,-,7.8,,11.3,56.8,30.3,,4.5,41.8,52.5,,4.6,46.2,48.3,,-,-,-,-,-,-,-,,-,-,-,-,-,-,-,-,-,-,-,-,-,-
2014年9月,2014 Sept.,第59回,59th survey,11.1,56.9,31.5,-20.4,,18.6,9.1,32.1,60.4,24.1,4.5,,0.8,12,40,37.8,9.1,,10.9,56.9,31.7,-20.8,,50.6,33.4,12.2,,4.4,46.9,48.5,-44.1,,60.2,9.7,1.1,2.2,14,17.2,12.9,,48.5,10.1,2.8,66.2,2.4,6.8,21.7,,9.9,47.2,42.4,,-,-,-,-,-,-,,-,-,-,-,-,-,,6.7,53.9,39,,-,-,-,-,-,-,,-,-,-,-,-,-,,43.6,35.7,19.9,,5.7,1.3,1.3,1.3,5.8,15.6,-,18.6,72.7,15.8,,74.6,41.6,1.9,2.4,12.5,-,9.6,,11.9,55,32.2,,5.2,40.1,54.2,,6.3,42.9,50.3,,-,-,-,-,-,-,-,,-,-,-,-,-,-,-,-,-,-,-,-,-,-
2014年12月,2014 Dec.,第60回,60th survey,5.9,54.7,38.8,-32.9,,21.5,11,31.4,57.7,26.7,3.8,,0.3,7.2,35.4,44.3,12.4,,7.3,54.6,37.8,-30.5,,50.1,34.2,12.2,,3.9,44.9,51.1,-47.2,,67,10.2,2.3,2.3,18.2,12.5,15.9,,50.4,10.1,3.1,71.1,2.9,8,16.6,,9.2,49.8,40.8,,-,-,-,-,-,-,,-,-,-,-,-,-,,6.6,51.4,41.5,,-,-,-,-,-,-,,-,-,-,-,-,-,,47.1,32.8,18.8,,5.3,1.1,1.3,1.5,5,15.3,-,18.7,74.1,18.6,,74.3,51.4,3.3,3.3,7.7,-,7.9,,11.4,51.1,35.8,,4.7,36.6,57.7,,4.8,42,52.3,,-,-,-,-,-,-,-,,-,-,-,-,-,-,-,-,-,-,-,-,-,-
2015年3月,2015 Mar.,第61回,61st survey,7,61,31.6,-24.6,,17.4,9,35,60.5,25.1,4.5,,0.5,9.9,39.9,39.8,9.7,,11.2,61.1,27.1,-15.9,,51.7,33.6,10.9,,4,48.2,47.5,-43.5,,55.6,7.8,2.2,2.2,13.3,20,18.9,,48.7,9.6,3.7,67.8,1.5,8.5,19.8,,10.2,51.3,38.3,,-,-,-,-,-,-,,-,-,-,-,-,-,,8.7,54.5,36.5,,-,-,-,-,-,-,,-,-,-,-,-,-,,43.7,35,20.3,,5.5,1.3,1,0.9,4.9,16.3,-,20.4,72.4,18,,75.6,45,2,1.8,8.2,-,10,,12.4,51.9,34.6,,4.5,38.7,55.9,,5,41.2,53.1,,63.7,17.2,17.9,46.6,18.3,19.2,4,,50.8,51,38.2,32,37.2,5.9,7.9,0.4,1.4,16.9,3.6,13.5,2.6,0.3
2015年6月,2015 June,第62回,62nd survey,11.9,60.4,27.3,-15.4,,20.7,9.1,32.4,60.2,22,5.5,,1.1,13,41.3,35.1,9,,11.4,62.8,25.3,-13.9,,52.5,33.2,11.3,,4.5,49.1,46.2,-41.7,,56.1,14.3,3.1,0,17.3,20.4,14.3,,47.9,9.7,2.8,68.8,3,9.3,19.3,,10.2,51.5,37.6,,-,-,-,-,-,-,,-,-,-,-,-,-,,9.7,54.9,34.7,,-,-,-,-,-,-,,-,-,-,-,-,-,,45.2,35.3,18,,5.6,1,0.9,1.7,5.3,15.4,-,20.1,73,18.2,,70.3,54.2,4.6,4.1,12.3,-,7.7,,13.2,52.5,32.3,,5.3,40.4,52.9,,5.6,46,47.2,,-,-,-,-,-,-,-,,-,-,-,-,-,-,-,-,-,-,-,-,-,-
2015年9月,2015 Sept.,第63回,63rd survey,12.4,59.6,27.6,-15.2,,20.2,9.4,34.4,59.7,22,4.9,,1.1,14.1,40.3,34.1,10,,10.7,60.3,28.5,-17.8,,52,32.1,12.2,,5.6,47.5,46.6,-41,,63.7,12.4,2.7,2.7,11.5,14.2,17.7,,47.2,9.9,2.9,63.5,3.2,8.6,21,,11.5,50.7,37.5,,-,-,-,-,-,-,,-,-,-,-,-,-,,8.3,56.4,34.8,,-,-,-,-,-,-,,-,-,-,-,-,-,,43,36.2,19.5,,7.9,1.5,1.4,2,5.4,16.3,-,18.9,65.6,18.7,,75.1,42.5,3.1,3.3,10.4,-,10.9,,12.2,53.9,32.3,,6.3,39.9,52.9,,5.6,44.6,48.9,,-,-,-,-,-,-,-,,-,-,-,-,-,-,-,-,-,-,-,-,-,-
2015年12月,2015 Dec.,第64回,64th survey,9,64.3,26.3,-17.3,,18.9,9.4,32.4,57.3,26.1,4.5,,0.6,12.1,43.1,35.9,8.3,,8.9,62,28.8,-19.9,,51.9,34.3,10.7,,4.3,51.6,44,-39.7,,57.6,7.6,2.2,0,10.9,26.1,10.9,,45.3,12.9,4.2,60.7,3.8,9.3,21.2,,10.1,53.9,35.8,,-,-,-,-,-,-,,-,-,-,-,-,-,,8.9,57.2,33.5,,-,-,-,-,-,-,,-,-,-,-,-,-,,42.3,39.6,16.4,,4.9,2,0.9,0.3,5.9,17.6,-,23.5,63,21.9,,69.1,48.7,2.9,6.3,10,-,11.7,,14.5,55.7,28.3,,7.5,40.8,50.7,,5.5,48.4,45.2,,-,-,-,-,-,-,-,,-,-,-,-,-,-,-,-,-,-,-,-,-,-
2016年3月,2016 Mar.,第65回,65th survey,5.5,65.8,28,-22.5,,20.6,10.9,34,58.9,26,3.5,,0.3,8.7,40.4,41.5,9,,6.8,55.2,37.7,-30.9,,65.1,24.8,7.1,,4.7,51.6,43.4,-38.7,,64,6,2,3,7,12,19,,50.5,17.3,3.8,53.4,9.2,9.4,20.4,,10.8,54,34.8,,-,-,-,-,-,-,,-,-,-,-,-,-,,8.2,54,37.6,,-,-,-,-,-,-,,-,-,-,-,-,-,,37.7,41.6,19.4,,8.8,1.9,0.9,0.6,6.9,17.9,-,27.3,56.9,21.5,,68.5,53.4,4.1,11.3,7.7,-,8.9,,13.3,53.5,31.8,,6,38.7,54.7,,5.7,42.8,51,,67.8,19.9,18,42.6,13.9,19.6,4.2,,50,52.7,41.1,34.1,37.1,6.2,8.7,0.7,1.7,18.9,3.9,14,2.5,0.4
2016年6月,2016 June,第66回,66th survey,4.3,63.7,31.6,-27.3,,21.6,11.3,32.8,57.4,25,3.1,,0.2,8.6,38.9,42.7,9.5,,5.4,58.3,36.1,-30.7,,62.8,26.7,7.8,,4.3,51,44.6,-40.3,,62.9,4.1,3.1,2.1,6.2,14.4,18.6,,46.6,17.8,3,54.7,7.3,7.8,22.3,,10,52.6,37.2,,-,-,-,-,-,-,,-,-,-,-,-,-,,7.9,57,34.9,,-,-,-,-,-,-,,-,-,-,-,-,-,,38.3,41.9,18.7,,5.8,2.1,2.3,0.5,4.7,17.8,-,22.6,61.7,21.2,,70,48.5,4.3,9.5,9.5,-,9.5,,13.5,54.2,31,,5.3,39.9,54,,5.6,45.3,48.6,,-,-,-,-,-,-,-,,-,-,-,-,-,-,-,-,-,-,-,-,-,-
2016年9月,2016 Sept.,第67回,67th survey,4.9,66.6,28,-23.1,,20.3,10.4,34.6,56.7,24.8,3.5,,0.3,9.1,41.5,40,8.7,,7.7,64.8,27.2,-19.5,,62.7,26.2,8.4,,4.6,52.5,42.8,-38.2,,58.3,3.9,1.9,2.9,2.9,28.2,13.6,,52.2,17.6,2.7,46.1,9.7,6.8,21.3,,10.4,51.8,37.5,,-,-,-,-,-,-,,-,-,-,-,-,-,,7.5,57.4,34.7,,-,-,-,-,-,-,,-,-,-,-,-,-,,35.3,43.4,20.2,,7.2,1,1,0.4,5,19.4,-,23.2,51.1,28.4,,67.6,46.9,3.3,9.2,10.7,-,10.5,,12.3,55.5,30.9,,6.4,41.1,51.8,,5,46.6,47.7,,67.2,17.9,17.7,37.6,13.3,18.6,5,,51.3,46.9,40.2,34.8,36.2,6.5,7.5,0.2,1.6,17.5,3.7,15.3,3.3,0.9
2016年12月,2016 Dec.,第68回,68th survey,4.4,65.8,29.2,-24.8,,23,10.3,33.4,56,25.6,3.2,,0.6,7.8,38.8,42.9,9.7,,6.3,60.7,32.7,-26.4,,60.9,28.7,7.6,,4.6,52.3,42.9,-38.3,,65.7,4,2,2,6.1,20.2,19.2,,50.8,18.9,3.3,49.2,6.8,9.5,20.2,,9,55,35.8,,-,-,-,-,-,-,,-,-,-,-,-,-,,8.6,56.3,34.7,,-,-,-,-,-,-,,-,-,-,-,-,-,,36.9,43.2,18.6,,6.2,1.5,0.7,0.6,5.6,18.3,-,23.3,59.2,24.2,,66.8,43.3,3.5,9.4,12.4,-,12.9,,12.6,55.3,30.5,,6.4,41.3,51.4,,5.6,46,48,,-,-,-,-,-,-,-,,-,-,-,-,-,-,-,-,-,-,-,-,-,-
2017年3月,2017 Mar.,第69回,69th survey,6.2,68.9,24.3,-18.1,,20.7,9,35,57.7,25.9,3.1,,0.6,10.9,42.5,38.3,7.5,,8.6,64.3,26.6,-18,,57.7,30.2,9.2,,6.1,55.1,38.5,-32.4,,62.1,7.6,2.3,3,9.1,15.9,20.5,,53,15.5,4.3,46.3,6.3,8.9,20.9,,13.2,51.4,35.3,,-,-,-,-,-,-,,-,-,-,-,-,-,,9.5,56.1,33.9,,-,-,-,-,-,-,,-,-,-,-,-,-,,36.9,43.8,18.4,,7.7,1.4,0.9,0.5,6.5,21.5,-,26.9,46.6,25,,70.5,44,4,6.5,11.5,-,13.5,,12.6,56.9,29.3,,6.9,42.4,49.8,,6.1,47.2,46.1,,65.9,19.1,18.2,42,17.6,21.8,4.9,,47.1,44.8,38.1,30.8,42.9,7.2,6.9,0.7,2.7,17.8,5.3,17.4,1.7,0.6
2017年6月,2017 June,第70回,70th survey,6.5,70.3,22.7,-16.2,,20.5,7.5,34.1,59.3,23.7,3.6,,0.8,11.6,42.5,36.8,7.9,,7.5,67.2,24.8,-17.3,,55,31.3,10.3,,5.9,54.5,38.8,-32.9,,58.5,3.8,4.6,5.4,10.8,20.8,15.4,,49,14.9,4,51.6,4.1,13,21.8,,12.7,54.3,32.6,,-,-,-,-,-,-,,-,-,-,-,-,-,,9.1,59.2,31.3,,-,-,-,-,-,-,,-,-,-,-,-,-,,37.9,43.8,17.5,,8.2,1.4,1.2,1.1,4.3,19.9,-,26.4,54.7,29.9,,59.6,47.9,1.3,5.2,18,-,13,,18.7,53.1,27,,8.2,46.7,44.3,,6.6,49.1,41.2,,55.3,16.3,14.1,45,24.8,18.7,4.8,,51.6,46,37.5,30.3,40.2,6.8,8.1,0.7,2.3,16.8,3.9,16.9,2,0.4
2017年9月,2017 Sept.,第71回,71st survey,7.6,71,21.1,-13.5,,21.1,8.2,33.8,57.4,24.1,4,,0.8,11.9,45.3,35.8,5.9,,7.5,66.4,25.5,-18,,52.8,33.6,11.5,,7.3,53,39.2,-31.9,,69.2,5.8,1.3,1.3,5.1,16,19.2,,51.1,15,4.5,43.2,4.9,9,25.7,,13.8,52,34,,-,-,-,-,-,-,,-,-,-,-,-,-,,9.5,58.9,30.7,,-,-,-,-,-,-,,-,-,-,-,-,-,,38.5,44.8,15.7,,8.6,2.4,1.2,0.9,6.1,21.1,-,22.7,48.1,27.3,,67.8,46.6,4.8,3.3,13.1,-,11.9,,18.6,54.6,25.3,,10.3,42.6,46,,7.5,49.5,41,,57.5,15.9,16.4,40.1,25.8,18.6,5.6,,52.1,47.8,38.8,30.8,39,7.8,7.7,0.7,2.4,15.9,3.5,17.9,1.8,0.5
2017年12月,2017 Dec.,第72回,72nd survey,8.3,70.9,20.2,-11.9,,18.1,8.2,32.5,61.4,23.5,3.7,,1.2,14,45.7,31.9,6.9,,8.6,67,24.1,-15.5,,53.7,31.5,12.3,,6.5,52.4,40.2,-33.7,,64.3,7.7,3.5,1.4,6.3,13.3,15.4,,48.5,16.7,6.1,50.7,3.5,10.3,25.4,,12.9,53.3,33.6,,-,-,-,-,-,-,,-,-,-,-,-,-,,9.8,57.8,32,,-,-,-,-,-,-,,-,-,-,-,-,-,,41.5,42,15.7,,7.3,1.8,0.7,1.4,5.5,22.1,-,26.5,49.5,25.9,,66.7,58,3.2,5.5,11.3,6.7,12.5,,18.5,54.9,25.5,,9.5,44.7,45.2,,7.4,49.8,41.8,,57.2,16.2,15.9,45.8,25.4,20.6,5.7,,52.4,45.7,37.2,31.9,40.3,7,7.7,0.6,2.5,17.5,3.7,20.4,2.3,0.2
2018年3月,2018 Mar.,第73回,73rd survey,9.6,68,22,-12.4,,20.6,9,33,58.9,24.2,3.7,,1.4,14.5,44,33.1,6.6,,9.3,65.6,24.5,-15.2,,55.4,31,10.9,,6.1,51.8,41.4,-35.3,,62.5,3.1,3.9,3.1,11.7,17.2,14.1,,51.2,15.5,4.5,56.6,5.3,8.5,21.2,,12.1,54.7,32.8,,-,-,-,-,-,-,,-,-,-,-,-,-,,8.7,56.5,33.9,,-,-,-,-,-,-,,-,-,-,-,-,-,,40.6,43.3,15.4,,6.9,1.8,1.5,0.9,6.8,20.8,-,20.8,60.1,27.2,,67.8,50.2,5.6,5.9,13.9,5.6,6.8,,17.9,55.4,25.7,,8.3,44.2,47.1,,7.9,48.8,42.1,,56.9,16.8,14.3,46.5,23.8,19.4,6.3,,54.3,47.5,37.5,31.5,40.2,7.5,6,0.9,2.4,16.6,3.7,18.6,1.6,0.4
2018年6月,2018 June,第74回,74th survey,8.6,72.6,18.5,-9.9,,19.6,8.7,31.5,59.3,24.4,3.7,,1.2,15.3,45,31.7,6.4,,8.2,66.7,24.8,-16.6,,53.3,32.6,12.4,,7.1,51.7,40.2,-33.1,,68.8,8.4,3.2,2.6,8.4,14.3,20.1,,46,15.9,5.4,54.3,4,10.6,24.7,,14.2,54.2,31.5,,-,-,-,-,-,-,,-,-,-,-,-,-,,10,58.4,31.1,,-,-,-,-,-,-,,-,-,-,-,-,-,,41.1,42.2,15.7,,8.1,2.3,0.6,0.9,5.9,19.3,-,25,53.7,25.6,,69.9,47.5,2.1,5.6,14.5,7.4,12.7,,20.5,53.8,25.1,,9.6,45.2,44.7,,9,47.9,42.2,,55.5,17.2,15.7,45.7,26.1,20,5.5,,50.9,46,38.2,32.8,41.6,7,7.6,0.8,2.7,15.3,4.3,17.7,2.4,0.6
2018年9月,2018 Sept.,第75回,75th survey,7.4,71.3,20.7,-13.3,,19.4,7.8,32.1,61.8,23.4,3.7,,0.8,15.9,44.8,30.8,7,,9.4,63.3,26.5,-17.1,,52.8,33.8,10.9,,7.2,53,39.1,-31.9,,71.1,6.3,3.5,0.7,6.3,12,21.8,,48.8,15.6,4.8,52.6,5.7,9.5,21.7,,14,53,32.9,,-,-,-,-,-,-,,-,-,-,-,-,-,,10.1,57.7,31.9,,-,-,-,-,-,-,,-,-,-,-,-,-,,39.7,43.8,16,,8.2,3.3,1.2,0.9,6.2,24.1,-,22.1,53.6,22.9,,67.8,43.9,1.9,7,11.5,3.8,11.8,,19.6,54.4,24.9,,8.5,46.4,44.2,,9,48.1,41.6,,56.4,17.6,15.9,44.9,23.9,19.1,5.8,,52.2,44.9,36.4,30.4,41.2,8.5,6.8,0.7,2.6,15.2,3.9,19.3,2.2,0.4
2018年12月,2018 Dec.,第76回,76th survey,7.3,70.7,21.6,-14.3,,20.5,8.3,32.7,58,25.7,3.5,,0.9,14.5,44.6,33.3,6.3,,7.8,51.9,39.8,-32,,54.7,31.9,11.1,,6.4,55,38.1,-31.7,,61.5,3.7,3,1.5,5.2,22.2,14.1,,45.8,17.3,4.5,52.3,6.6,7.3,23,,13.7,53.9,32.2,,-,-,-,-,-,-,,-,-,-,-,-,-,,9.8,56.7,33,,-,-,-,-,-,-,,-,-,-,-,-,-,,39.4,44.3,15.3,,7.4,1.4,0.8,1,7,21.2,-,25.5,51.6,25.8,,70.1,49.1,3.7,9.3,9.9,6.5,11.1,,18.7,55.1,25.2,,10.1,46.3,42.9,,7.5,50.3,41.6,,54,16.5,14.6,47.2,27.1,20.3,5.7,,52.3,45.4,38.9,33.2,39.5,9.2,7.4,0.8,1.9,16,4.6,17.9,2.1,0.5
2019年3月,2019 Mar.,第77回,77th survey,4.8,70.9,24,-19.2,,21.2,8.9,33.7,60.3,22.5,4,,1.1,11.9,43.8,35.3,7.3,,8.7,51.3,39.3,-30.6,,52.6,33.3,12,,6.5,53,40,-33.5,,66.7,4.3,5.1,1.4,5.8,18.8,18.8,,45.8,16.6,5.1,50.9,6.5,9.3,24.6,,12.9,55.2,31.5,,-,-,-,-,-,-,,-,-,-,-,-,-,,10.2,57.2,32.2,,-,-,-,-,-,-,,-,-,-,-,-,-,,40.8,43.7,14.4,,8.7,1.2,1,0.1,6.2,21.3,-,23.3,55,26.4,,64.1,44.1,2.3,9.5,17.3,5.2,10.8,,20.3,54.7,24.2,,9,46.6,43.7,,9,46.9,42.9,,55.4,17.4,14,46.8,26,19.8,4.8,,51.9,47.2,39.5,32.9,39.7,9.2,6.7,0.6,2.1,15.4,3.5,20.1,2.2,0.5
2019年6月,2019 June,第78回,78th survey,3.7,67.1,28.7,-25,,23.7,10.4,32.3,56.6,23.4,4.5,,0.5,12,41.8,38,7.3,,7,49.4,43.1,-36.1,,50.8,36,11.5,,6,52.9,40.5,-34.5,,62.6,2.4,4.1,1.6,3.3,22.8,16.3,,49.2,16.9,4.2,56.6,6.7,7.1,23.5,,13.2,56,30.6,,-,-,-,-,-,-,,-,-,-,-,-,-,,9.9,56.8,32.9,,-,-,-,-,-,-,,-,-,-,-,-,-,,39.3,44,15.9,,8,2.5,0.9,0.5,5.6,23.1,-,23.7,55.9,26.8,,64.9,48.3,4.3,8.3,16.6,6.2,11.7,,17.9,54.9,26.3,,8.2,47.5,43.5,,8.5,48.5,42.1,,55.1,15.9,14.1,46.9,26.3,20.3,5.3,,54.1,47,39.2,30.7,41.3,9.9,7.4,0.4,2.4,14.3,3.8,17.6,2.1,0.4
2019年9月,2019 Sept.,第79回,79th survey,3.2,67.3,29.2,-26,,22.1,10,32.4,58.7,23.1,4,,0.2,9.9,41.3,39,8.9,,6.1,45.6,47.8,-41.7,,51.4,34.2,12,,6.8,49.8,43,-36.2,,59.9,2.2,2.2,0,0,22.6,25.5,,51.3,15.5,3.8,54,6.5,10.4,22.6,,12.8,54.1,32.8,,-,-,-,-,-,-,,-,-,-,-,-,-,,7.7,55,37,,-,-,-,-,-,-,,-,-,-,-,-,-,,38.7,43.5,16.9,,6.8,1.5,1.5,0.1,5.7,22.4,-,26,55,26,,63.7,48.5,3.8,9.9,15.2,5,12,,17.9,54.3,27.1,,7.6,45.6,46.1,,6.4,45.6,46.8,,57.8,16.4,14.6,48.1,25.7,20.1,6.5,,55.4,44.1,38.6,33.2,44.4,9.4,5.7,0.5,2.1,15.2,3.4,16.4,1.9,0.2
2019年12月,2019 Dec.,第80回,80th survey,3.2,62.7,33,-29.8,,20.8,8.8,32.7,56.5,25.2,4.2,,0.5,9.5,41.2,39,8.8,,6.5,53.3,39.1,-32.6,,52.3,33.2,11,,5.6,51.4,41.7,-36.1,,58.5,5.1,4.2,1.7,10.2,20.3,20.3,,45.8,15.8,5.6,56.8,6.9,7.7,22.2,,12.7,54.9,31.6,,-,-,-,-,-,-,,-,-,-,-,-,-,,9.3,54.5,35.2,,-,-,-,-,-,-,,-,-,-,-,-,-,,41.2,41.8,16,,8.6,2.3,1.6,0.5,7.7,21.1,-,19.5,58.9,25.7,,63.6,50.6,3.3,5.3,13.3,5.6,9.2,,18.6,54.2,24.9,,8.4,46.1,43.6,,7.1,46.4,44.5,,55,16,14.5,45.9,25.5,23,4.6,,52,43.2,37,32.3,43.2,10.9,7,0.9,2.2,14.7,3.8,16.9,1.9,0.4
2020年3月,2020 Mar.,第81回,81st survey,3.3,56,39.6,-36.3,,22.4,9.8,31.9,54.5,26.7,4.7,,0.4,6.7,36.6,44.4,11.2,,5.8,45.4,48,-42.2,,48,35.9,13.4,,6.1,50.8,42.2,-36.1,,59.7,5.4,3.1,3.1,4.7,14.7,24.8,,52.3,11.6,3.3,54.7,4.3,9.6,21.6,,11.8,52.7,34.8,,-,-,-,-,-,-,,-,-,-,-,-,-,,9.1,54.1,35.9,,-,-,-,-,-,-,,-,-,-,-,-,-,,40.9,41.6,16.5,,7.6,1.7,1.3,0.6,5,20.8,-,22,62,25.4,,68.6,43.5,2.9,5.5,11.2,6.1,17,,16.8,54,27.7,,8,44.6,46.1,,7.2,46.6,44.3,,56.2,15.2,14,45,26.7,21.5,4.8,,53.5,44.3,36.6,32.5,41.7,10.9,6.7,0.7,2.5,13.2,5.1,15.8,2,0.7
2020年6月,2020 June,第82回,82nd survey,0.9,26,72.1,-71.2,,35.7,16.2,29.8,37.5,25.2,9.9,,0.2,1.3,16.5,40.9,40.4,,19.3,32.9,47,-27.7,,35.2,41.4,19.6,,5,51.3,42.6,-37.6,,62,2.5,1.7,1.7,0.8,16.5,31.4,,58,15.1,3.2,43.3,9.1,6.6,21.8,,8.9,50.5,39.1,,-,-,-,-,-,-,,-,-,-,-,-,-,,8,50.7,39.3,,-,-,-,-,-,-,,-,-,-,-,-,-,,31.8,45.6,20.8,,5.7,2.2,1.4,0.3,5.6,18.6,-,23.9,59.2,26.6,,63.5,42.9,3.8,8.5,10.1,5,18.8,,15.9,52.5,29.1,,4.9,36.6,56.3,,5.8,43.3,48.8,,59.6,16.6,14.7,43.7,24.9,21,4.3,,50.5,46.3,41,31.5,38.9,10.6,6.2,0.5,2.3,13.2,4.8,15.1,2.4,0.7
2020年9月,2020 Sept.,第83回,83rd survey,0.6,22.4,76.2,-75.6,,36.2,15.8,31,36.7,31.7,5.7,,0.1,1,13.9,46.9,37.2,,14.3,43.5,40.9,-26.6,,37.6,40.7,18.3,,5.5,54.9,38.8,-33.3,,62.8,5,3.3,1.7,3.3,12.4,29.8,,62.2,12.1,3.2,42.9,6.3,6.9,18.1,,9.5,50.4,38.9,,-,-,-,-,-,-,,-,-,-,-,-,-,,8.2,53.6,36.6,,-,-,-,-,-,-,,-,-,-,-,-,-,,32.7,41.3,24.3,,9,1.2,1,0.6,6.9,20.1,-,21.3,55.8,24.4,,59,45.9,1.7,6.3,7.1,3.2,20.5,,16.4,54.3,27.6,,3.5,30.2,64.6,,4.5,48.7,45,,59.5,16.3,13.4,43.7,25.5,23.2,5.5,,48.5,46.1,39.1,34.5,39.2,10.4,6.2,0.8,2.8,14.1,3.9,16.5,1.6,0.3
2020年12月,2020 Dec.,第84回,84th survey,1.1,27.2,71.3,-70.2,,37,11.7,30.8,39.5,30.4,5.3,,0.2,1.2,18.9,52.8,26.6,,14.4,47.7,37.5,-23.1,,38.7,42.6,16.7,,4.2,56.7,38.1,-33.9,,58.9,4.2,0,1.1,5.3,11.6,30.5,,62.9,10.9,3.2,38.9,4.3,7,17.3,,7.8,50.6,41,,-,-,-,-,-,-,,-,-,-,-,-,-,,7.4,56.1,35.5,,-,-,-,-,-,-,,-,-,-,-,-,-,,29,47.5,22.3,,6.6,1.7,0.5,0,6.9,19,39.2,18.4,53.5,11.8,,60.4,43.8,1.8,6.2,7.6,4.2,19.8,,13.5,56.8,28.4,,4.1,33.6,61.1,,5.3,49.6,43.8,,59.6,15.9,13.8,43,25,22.4,4.2,,51.9,45.1,38.7,33.9,41.6,10.1,6.6,0.3,2.4,13.9,4.5,17.6,1.6,0.3
2021年3月,2021 Mar.,第85回,85th survey,1,27.6,70.4,-69.4,,34.1,12.2,29.9,40.9,31.5,4.6,,0.2,1.5,18,49.4,30.3,,23.1,44.3,31.6,-8.5,,40,39.7,17.2,,6.3,55,38,-31.7,,46.1,8.5,3.5,2.8,13.5,19.1,30.5,,66.9,12.6,3.4,33,4.9,6.8,19,,7,50.4,41.9,,-,-,-,-,-,-,,-,-,-,-,-,-,,8.8,56.1,34.3,,-,-,-,-,-,-,,-,-,-,-,-,-,,26.8,46.6,25.5,,5,1.7,1.3,1.3,4.7,19.9,38.2,16.9,45.2,18.6,,60,41,1.4,2.4,9.2,6.5,25.7,,12.5,55.3,30.4,,2.3,27.2,69.2,,5.7,47.6,44.8,,58.5,15.6,12.5,39.3,27.9,22.4,5.3,,50.8,47.6,38.6,33.4,37.2,11.1,7.1,0.6,1.8,14.9,4.9,17.6,2.1,0.4
2021年6月,2021 June,第86回,86th survey,2.2,33.4,63.8,-61.6,,34.2,11.3,31.6,42.7,28.4,4.7,,0.2,1.9,18.7,49.4,29.1,,20.4,43.6,35.3,-14.9,,38.3,41,17.2,,5.3,56.4,37.3,-32,,46,8.1,3.2,1.6,10.5,14.5,34.7,,64.1,9.4,3.8,38.7,4.2,4.8,19.7,,7.1,52,39.9,,-,-,-,-,-,-,,-,-,-,-,-,-,,7.1,57.4,34.1,,-,-,-,-,-,-,,-,-,-,-,-,-,,29.8,45.1,23.4,,6.4,0.9,1.3,0.4,5.5,19.1,40,13.9,50.4,14.7,,60,33.9,1.5,2.8,8.3,7.2,26.2,,14.4,56.1,27.5,,3.3,29.1,65.8,,4.7,49.9,43.4,,58,15.8,14.3,38.8,26.8,22.5,5.6,,51.4,44.3,40.6,32.1,38.7,13.6,6.2,0.6,2.5,12.3,4.6,16.5,1.7,0.6
2021年9月,2021 Sept.,第87回,87th survey,2.5,38.6,57.8,-55.3,,28.7,10.1,32,44.2,30.9,4.6,,0.2,1.5,21.7,51.8,23.9,,16.6,46.1,36.4,-19.8,,38.4,40.7,17.1,,6.8,55.5,36.3,-29.5,,51.3,8.7,5.3,3.3,11.3,14,26.7,,62,12.2,2.4,45,4.4,5.6,19.1,,9,50,38.9,,-,-,-,-,-,-,,-,-,-,-,-,-,,8.6,56.5,32.6,,-,-,-,-,-,-,,-,-,-,-,-,-,,27.5,45.1,24.7,,7.1,1.2,1,0.7,4.3,20.1,35,16.9,47.7,14,,60.4,38.6,2,3.1,9.2,4.8,25.5,,13.3,56,27.7,,3.3,28.2,65.9,,5.9,48.9,42.1,,56.6,18.4,13.8,38.8,25,21.2,4.4,,47.9,45.7,38.6,33.7,39.8,12.5,6.4,0.5,2.4,13.4,4.8,16.7,1.5,0.4
2021年12月,2021 Dec.,第88回,88th survey,5.2,43.2,51,-45.8,,30.4,10.3,29.2,44.1,32.6,4.5,,0.2,3.1,24.2,52.5,19.5,,26,52.5,21,5,,43.9,36.5,16.6,,5.8,53.4,40,-34.2,,47.7,7.8,2.3,3.1,7,13.3,37.5,,55.6,10,2.3,60.1,5.5,6.3,16.1,,7.4,53.5,38.3,,-,-,-,-,-,-,,-,-,-,-,-,-,,9.3,62,27.9,,-,-,-,-,-,-,,-,-,-,-,-,-,,33.7,44.4,20.9,,6.4,1.5,0.8,0.4,4.3,19.2,36.2,12.1,62.6,12.9,,60.3,43.8,1.3,4.1,9.1,4.5,23.1,,14.4,55.3,28.8,,6.4,31.1,61.5,,8.9,49.9,39.3,,53.9,16.8,12.3,50.7,26.4,22.7,4.2,,49.4,43.1,40.4,32.9,38.3,13.4,6.1,0.7,3,13.5,5.1,18.1,2,0.2
2022年3月,2022 Mar.,第89回,89th survey,3.6,38.3,57.4,-53.8,,29.4,10.2,30.5,44,31.6,4.7,,0.1,2,19.2,54.1,24.1,,15.6,50.8,32.7,-17.1,,42.8,39,15.3,,4.8,52.8,41.7,-36.9,,54.8,6.7,2.9,1.9,6.7,13.5,31.7,,56.2,10.3,2.2,68,4.6,6.7,13.1,,9,51.9,38.4,,-,-,-,-,-,-,,-,-,-,-,-,-,,9.8,56.6,32.6,,-,-,-,-,-,-,,-,-,-,-,-,-,,36,43.1,19.8,,5.9,1.4,1,1.3,5.1,19.7,28.1,13.4,70.9,11.4,,61.3,40.3,1.6,4.4,7.2,6.3,19.4,,14.1,57.1,27.6,,5.2,32.1,61.5,,5.9,49.1,43.3,,55.9,15.2,12.8,49.9,24.6,20.4,3.1,,51.7,43.8,38.1,32,40.4,11.3,6.2,0.6,2.8,13.3,4.8,17,2.1,0.4
2022年6月,2022 June,第90回,90th survey,5.3,38.2,56,-50.7,,35.2,14.6,28.2,43.4,25.6,5.6,,0.3,3.1,22,53.9,20.5,,13.5,43.8,42.2,-28.7,,48.7,34.4,14.5,,3.7,52.3,43.2,-39.5,,65.9,7.3,3.7,0,2.4,20.7,17.1,,49.7,11.9,2.3,78.9,5.8,5.6,14.4,,9,53.7,35.7,,-,-,-,-,-,-,,-,-,-,-,-,-,,8.5,56,33.3,,-,-,-,-,-,-,,-,-,-,-,-,-,,43,37.9,17,,4,1,1.3,0.5,3.4,17.3,28.4,12.3,77.5,8.4,,69.1,44.9,3.5,6.7,7,7,14.5,,17.7,51,29.2,,7.1,36.2,54.7,,7.6,47,43,,52.6,17.1,11.6,60,23,21,3.2,,52.2,43.4,39.2,30.4,42,13.5,6.7,0.7,1.7,13.8,4.4,16.3,2,0.5
2022年9月,2022 Sept.,第91回,91st survey,4.8,31.4,63.2,-58.4,,34.8,15.6,28.5,44,24.9,6.3,,0.1,2.6,20.1,50.3,26.3,,10.5,46,42.9,-32.4,,51.2,31.8,14.4,,4,44.4,50.7,-46.7,,51.9,8.6,3.7,1.2,7.4,17.3,24.7,,46.9,12.3,2.3,84.5,5.3,5.2,12,,11,48.1,40,,-,-,-,-,-,-,,-,-,-,-,-,-,,8.1,54.1,36.7,,-,-,-,-,-,-,,-,-,-,-,-,-,,48.5,34,16.4,,4.6,1,1.4,0.4,3.1,15,25.9,11.2,82.8,7.8,,68.2,51.5,1.5,6.1,12.4,8.8,12.7,,20.3,49.6,28.5,,6.7,35.4,56.5,,7.9,46.8,43.8,,53.2,18.1,11.5,65.4,22.8,19.8,2.8,,55,42.7,39.7,30.7,42,11.6,5.2,0.8,2.2,12.9,3.8,17.8,2.2,0.5
2022年12月,2022 Dec.,第92回,92nd survey,5.2,27.1,67,-61.8,,36.6,18.1,26.6,41,23,6.3,,0.1,2.7,19.3,51,26.4,,9.1,44.4,46.2,-37.1,,51.9,32.5,13.9,,3.7,42.4,53,-49.3,,57,3.8,2.5,1.3,2.5,20.3,19,,39.6,10.8,3,88.4,4.8,5.3,9.7,,8.9,51.3,39.3,,-,-,-,-,-,-,,-,-,-,-,-,-,,7.6,53.9,37.7,,-,-,-,-,-,-,,-,-,-,-,-,-,,52.7,30.1,16.2,,4.8,0.8,1.5,1.3,3.2,15.6,24.1,9,86.1,7.8,,67.2,50.1,2.3,6.2,10.6,9.4,8.2,,20.4,48.1,30.5,,8.1,37.3,53.8,,7.1,44.7,47.2,,49.8,17.2,11.5,68.3,22,21.3,3.4,,58.6,42.7,40,28.7,43.7,10.5,5.6,0.7,1.9,11.8,4.1,17.5,1.9,0.4
2023年3月,2023 Mar.,第93回,93rd survey,6.8,28.8,63.9,-57.1,,37.9,16,28.3,42.3,23.7,6.8,,0.2,3.4,17.8,50.9,27.3,,13.1,45.9,40.3,-27.2,,44.3,34.7,18.5,,3.8,39.7,56,-52.2,,60.5,6.6,2.6,0,9.2,15.8,21.1,,37.1,8.7,2.6,90.4,4.2,5.6,9.6,,11.1,52.1,36.3,,-,-,-,-,-,-,,-,-,-,-,-,-,,9.1,57.2,32.8,,-,-,-,-,-,-,,-,-,-,-,-,-,,60.2,26.1,12.7,,3.8,0.8,1.7,0.5,3.4,11.3,23.6,9.4,88.9,6.6,,70.2,51.2,3.2,6,9.9,11.5,11.1,,26,44.9,27.5,,8,35.6,55.4,,9.9,43.6,45.3,,51.1,15.1,11.7,70.2,22.7,18.8,3.5,,57.6,42.3,38.1,30.6,42,10.5,6,0.5,1.7,12.3,3.6,18.8,1.9,0.6
2023年6月,2023 June,第94回,94th survey,13.7,36.3,49.6,-35.9,,33.7,13.6,28.8,45.2,23.4,7.8,,0.7,8.3,28.3,42.8,19.1,,16.6,50.5,32.4,-15.8,,48.5,35.2,13.8,,4.1,38.3,56.8,-52.7,,60.5,11.6,2.3,0,4.7,19.8,19.8,,36.1,6.5,2.4,89.2,3,5.8,11.8,,11.4,52,34.5,,64.6,28.8,12.5,6.3,5,7.1,,23.9,29.4,21.4,21.8,38.5,13,,10.2,57,31.1,,56.9,21.8,19.4,6.5,9.3,11.6,,23.6,29.6,24.2,25,47.4,9.9,,59.4,27.1,11.9,,3.1,1.1,1,0.5,3,10.5,25.5,10.4,87.4,6.4,,66.1,43,1.2,4,10.8,10.8,9.6,,27.1,44,26.7,,10.4,40.2,47.3,,9.9,45.9,42.2,,48.8,16.7,10.7,66.2,20.9,19.7,3.7,,58.8,41.9,40.5,32,43.4,9.1,-,-,-,12.1,-,21.2,-,1.1
2023年9月,2023 Sept.,第95回,95th survey,12.5,31.9,55,-42.5,,33.6,13.9,26.6,44.4,25.1,6.8,,0.6,8.2,25,42.2,23.4,,10.5,48.2,40.6,-30.1,,46.5,34.1,16.7,,3.1,38.6,57.4,-54.3,,59.7,12.9,3.2,0,6.5,19.4,19.4,,34.5,8.6,2.6,88.7,2.6,5.1,11.7,,12.7,54.3,31.8,,69.1,17.2,12.1,5.9,5.5,6.6,,27.9,25.4,23.6,20.1,39.9,12.3,,9.1,59.5,29.6,,65.2,22.3,19.6,6.5,7.6,9.2,,25.7,28.2,27.2,26.2,44.6,11.6,,58.4,29.3,11.1,,3.5,0.8,1,1.2,2.5,12.2,22,8.7,88.5,7.5,,61.2,46.9,2.7,4,10.3,7.1,11.6,,26.1,45.8,25.7,,10.2,39.3,48.5,,10.1,48.1,40.1,,47.9,15.9,10.7,68.2,20.1,18.7,3.1,,60.6,43.8,42.1,31.7,42.2,9.4,-,-,-,14.1,-,19.1,-,0.7
2023年12月,2023 Dec.,第96回,96th survey,9.3,31.2,58.9,-49.6,,34,16.1,24.9,44.9,23,8.6,,0.6,5.6,25.2,45.6,22.7,,8.4,52.5,38.5,-30.1,,53,29.7,15.1,,4.1,38.9,56.2,-52.1,,58.8,15.3,1.2,1.2,3.5,23.5,18.8,,34.1,7.9,2,90.8,2.7,5.5,10.5,,12.7,54.6,31.7,,64.1,26,17.2,5.7,5,6.5,,21.9,33,25.8,19.9,35.6,11.8,,10.8,56.5,31.4,,63.5,23.9,19.4,5.9,5.9,8.1,,24.5,31.2,25.2,26.1,43.1,10.5,,57.8,28.9,12.1,,3.7,1,1.8,1.3,2.4,13.4,22.2,8.1,86.3,7.9,,65.6,42.4,1.2,3.6,11.2,7.2,9.6,,26.6,43.9,27.2,,9,38.9,50.4,,8.8,48,41.6,,50.6,15.3,10.8,67.4,22.3,20.5,3.3,,58.1,44.8,40.6,31.6,41.8,10.4,-,-,-,13.3,-,21.3,-,0.6
2024年3月,2024 Mar.,第97回,97th survey,10.7,42,46.8,-36.1,,29.7,14,27.6,50.4,22.8,7.1,,0.9,8.7,29.3,41.5,19.2,,13.6,55,30.8,-17.2,,51.1,33,13.7,,5.3,44.3,49.5,-44.2,,59,19,3.8,1,22.9,9.5,14.3,,35.5,7.8,3,89.4,2,5.5,11.9,,15.6,54.5,28.5,,60.5,18,11.3,7.1,5.5,12.2,,22.5,30.7,24,18.4,38.1,16,,12.3,58.8,27.3,,64.2,23.2,15.9,6.9,9.8,9.3,,24.6,30.1,27.3,25.1,43.7,11,,57.2,30.6,10.7,,4.2,0.9,1.7,1.6,4.3,13.2,25.2,10.4,84,6.7,,60.3,49.1,3.3,2.3,9.8,7,13.1,,28.4,44,25,,10.1,42,45.7,,11.1,46.9,40,,50.7,19.7,12,64.8,21.7,19.1,3.1,,58.3,44.7,42.9,31.3,42.1,8.2,-,-,-,13.4,-,21.3,-,0.6
2024年6月,2024 June,第98回,98th survey,7.7,34,57.5,-49.8,,34.5,17.9,25.3,48.7,18.6,7.7,,0.5,6.7,23.8,44.6,23.5,,7.9,50.9,40.3,-32.4,,51.7,31,14.8,,3.6,39.8,55.7,-52.1,,65.8,19.7,3.9,0,19.7,13.2,3.9,,34.2,7,2.1,91.4,2.4,5.9,11.4,,15.9,53.1,29.6,,66.5,23.4,13.9,4.7,5.6,7.4,,20.3,30.5,27,21.6,39.7,12.1,,12.2,55.4,31,,63.1,23.1,18.1,9.6,7.3,7.3,,24.6,28.7,26.7,28.4,46.3,9.4,,58.5,28.8,11.7,,3.9,1,2.7,1.5,3.1,12.2,24.7,9.6,86.6,5.9,,59.4,46.6,0.4,2.8,8.8,8.8,11.2,,27.9,43.7,25.9,,8.1,40.8,49.3,,10.9,45,42.1,,50.3,19,10.1,68.3,22.2,19.9,2.9,,59.5,46.3,40.7,28.3,41.7,8.7,-,-,-,11.6,-,21.2,-,0.8
2024年9月,2024 Sept.,第99回,99th survey,6.9,37.5,55.1,-48.2,,30.9,15.5,27.7,46.9,22.4,8.1,,0.2,7,25.7,46.2,20.3,,6.6,56.5,36.2,-29.6,,48.6,33.3,15.9,,5.3,41.3,52.7,-47.4,,66.1,18.3,2.6,1.7,11.3,15.7,16.5,,35.5,7.6,2.7,90.6,3.9,4.7,9.1,,19,51.1,28.8,,72.2,19.8,11.5,4.6,7.6,9.5,,24,32.6,26.8,17.2,35,12.4,,11.7,58.8,28.1,,65.5,22.6,11.1,6,7.5,8.3,,19.3,29.3,27.3,29.7,41.5,11.2,,56.4,30.5,11.9,,5.2,1,2.1,1.5,3.1,12.6,22.2,11.3,85.7,7.2,,62.3,45.1,2.3,3.1,9.7,6.6,11.7,,28.3,44.8,24.6,,9,42.2,47.2,,9.6,50.3,38.4,,49.4,20,11.1,67.3,21.6,18.2,3.1,,59.3,47.7,41.2,32.3,41.3,7.8,-,-,-,12.4,-,19.6,-,0.7
2024年12月,2024 Dec.,第100回,100th survey,3.9,35.9,59.8,-55.9,,32.1,14.6,28.3,46.9,20.3,9.8,,0.1,4.8,23.9,46.8,24,,5.7,51.2,42.6,-36.9,,44,33.5,20.5,,4.7,37.6,57.1,-52.4,,65.7,14.1,2,2,10.1,15.2,14.1,,33.6,7.2,2.3,89.7,2.7,4.6,12.6,,17.1,51.8,30.1,,63.7,24,12.8,4.2,6.7,8.1,,22.5,31.5,25.3,20.7,40.2,15.5,,11,57.7,29.9,,63,21.7,16.1,4.8,8.7,7.4,,22.3,29.7,26.5,29.3,50.1,13.1,,59.1,27.5,12.1,,3.6,0.7,1.9,0.8,3.3,13.8,24,8.1,87.8,6,,64.3,43.1,2.4,2.7,9.8,9.4,12.5,,27.9,42.7,27.3,,7.9,40,50.5,,9.7,45.5,43.2,,48,15.7,11.1,69.3,22.4,19.6,4.4,,60.4,44.4,40.1,31,43.8,8.5,-,-,-,12.2,-,19.2,-,1
,,,,,,,,,,,,,,,,,,,,,,,,,,,,,,,,,,,,,,,,,,,,,,,,,,,,,,,,,,,,,,,,,,,,,,,,,,,,,,,,,,,,,,,,,,,,,,,,,,,,,,,,,,,,,,,,,,,,,,,,,,,,,,,,,,,,,,,,,,,,,,,,
（注1）第26回（2006年6月）は、訪問留置法での調査のほか、予備調査として郵送調査も実施。,,,,,,,,,,,,,,,,,,,,,,,,,,,,,,,,,,,,,,,,,,,,,,,,,,,,,,,,,,,,,,,,,,,,,,,,,,,,,,,,,,,,,,,,,,,,,,,,,,,,,,,,,,,,,,,,,,,,,,,,,,,,,,,,,,,,,,,,,,,,,,,,
（注2）現在の景況感D.I.＝「良くなった」−「悪くなった」。,,,,,,,,,,,,,,,,,,,,,,,,,,,,,,,,,,,,,,,,,,,,,,,,,,,,,,,,,,,,,,,,,,,,,,,,,,,,,,,,,,,,,,,,,,,,,,,,,,,,,,,,,,,,,,,,,,,,,,,,,,,,,,,,,,,,,,,,,,,,,,,,
（注3）1年後の景況感D.I.＝「良くなる」−「悪くなる」。,,,,,,,,,,,,,,,,,,,,,,,,,,,,,,,,,,,,,,,,,,,,,,,,,,,,,,,,,,,,,,,,,,,,,,,,,,,,,,,,,,,,,,,,,,,,,,,,,,,,,,,,,,,,,,,,,,,,,,,,,,,,,,,,,,,,,,,,,,,,,,,,
（注4）現在の暮らし向きD.I.＝「ゆとりが出てきた」−「ゆとりがなくなってきた」。,,,,,,,,,,,,,,,,,,,,,,,,,,,,,,,,,,,,,,,,,,,,,,,,,,,,,,,,,,,,,,,,,,,,,,,,,,,,,,,,,,,,,,,,,,,,,,,,,,,,,,,,,,,,,,,,,,,,,,,,,,,,,,,,,,,,,,,,,,,,,,,,
（注5）第94回（2023年6月）より「デザインが良い」・「流行のものである」・「今までにない新しいものである」・「好奇心が刺激される」・「ブランドイメージが良い」は調査の選択肢から削除。,,,,,,,,,,,,,,,,,,,,,,,,,,,,,,,,,,,,,,,,,,,,,,,,,,,,,,,,,,,,,,,,,,,,,,,,,,,,,,,,,,,,,,,,,,,,,,,,,,,,,,,,,,,,,,,,,,,,,,,,,,,,,,,,,,,,,,,,,,,,,,,,
（注6）第93回（2023年3月）までは「この中にはない」。,,,,,,,,,,,,,,,,,,,,,,,,,,,,,,,,,,,,,,,,,,,,,,,,,,,,,,,,,,,,,,,,,,,,,,,,,,,,,,,,,,,,,,,,,,,,,,,,,,,,,,,,,,,,,,,,,,,,,,,,,,,,,,,,,,,,,,,,,,,,,,,,
,,,,,,,,,,,,,,,,,,,,,,,,,,,,,,,,,,,,,,,,,,,,,,,,,,,,,,,,,,,,,,,,,,,,,,,,,,,,,,,,,,,,,,,,,,,,,,,,,,,,,,,,,,,,,,,,,,,,,,,,,,,,,,,,,,,,,,,,,,,,,,,,
"(Note 1) The economic conditions D.I. for the present compared with one year ago is calculated as the proportion of respondents who answered that economic conditions ""have improved"" minus the proportion of those who answered that they ""have worsened.""",,,,,,,,,,,,,,,,,,,,,,,,,,,,,,,,,,,,,,,,,,,,,,,,,,,,,,,,,,,,,,,,,,,,,,,,,,,,,,,,,,,,,,,,,,,,,,,,,,,,,,,,,,,,,,,,,,,,,,,,,,,,,,,,,,,,,,,,,,,,,,,,
"(Note 2) The economic conditions D.I. for the outlook for one year from now is calculated as the proportion of respondents who answered that economic conditions ""will improve"" minus the proportion of those who answered that they ""will worsen.""",,,,,,,,,,,,,,,,,,,,,,,,,,,,,,,,,,,,,,,,,,,,,,,,,,,,,,,,,,,,,,,,,,,,,,,,,,,,,,,,,,,,,,,,,,,,,,,,,,,,,,,,,,,,,,,,,,,,,,,,,,,,,,,,,,,,,,,,,,,,,,,,
"(Note 3) The household circumstances D.I. for the present compared with one year ago is calculated as the proportion of respondents who answered that their household circumstances ""have become better off"" minus the proportion of those who answered that they ""have become worse off.""",,,,,,,,,,,,,,,,,,,,,,,,,,,,,,,,,,,,,,,,,,,,,,,,,,,,,,,,,,,,,,,,,,,,,,,,,,,,,,,,,,,,,,,,,,,,,,,,,,,,,,,,,,,,,,,,,,,,,,,,,,,,,,,,,,,,,,,,,,,,,,,,
"(Note 4) The following choices were discontinued from the 94th survey (June 2023): ""design,"" ""trend,"" ""originality/innovation,"" ""curiosity,"" and ""brand reputation.""",,,,,,,,,,,,,,,,,,,,,,,,,,,,,,,,,,,,,,,,,,,,,,,,,,,,,,,,,,,,,,,,,,,,,,,,,,,,,,,,,,,,,,,,,,,,,,,,,,,,,,,,,,,,,,,,,,,,,,,,,,,,,,,,,,,,,,,,,,,,,,,,
